<?xml version="1.0" encoding="UTF-8"?>
<con:soapui-project id="46e66d8a-e47e-4d0d-8538-572fece99de7" activeEnvironment="Default" name="Ecommerce" soapui-version="5.7.0" abortOnError="false" runType="SEQUENTIAL" resourceRoot="${projectDir}" xmlns:con="http://eviware.com/soapui/config"><con:settings/><con:interface xsi:type="con:RestService" id="65875832-2a68-4f2e-b564-b9bdc36c092b" wadlVersion="http://wadl.dev.java.net/2009/02" name="https://ecommerceservice.herokuapp.com" type="rest" xmlns:xsi="http://www.w3.org/2001/XMLSchema-instance"><con:settings/><con:definitionCache type="TEXT" rootPart=""/><con:endpoints><con:endpoint>https://ecommerceservice.herokuapp.com</con:endpoint></con:endpoints><con:resource name="Signup" path="/user/signup" id="bece7839-b953-4c7c-b029-c538e4e637d9"><con:settings/><con:parameters/><con:method name="Signup 1" id="f371de7a-8e43-4495-b0cc-fa13d2c547b7" method="POST"><con:settings/><con:parameters/><con:representation type="RESPONSE"><con:mediaType>application/json; charset=utf-8</con:mediaType><con:status>201</con:status><con:params/><con:element xmlns:sig="https://ecommerceservice.herokuapp.com/user/signup">sig:Response</con:element></con:representation><con:representation type="REQUEST"><con:mediaType>application/json</con:mediaType><con:params/></con:representation><con:representation type="FAULT"><con:mediaType>application/json; charset=utf-8</con:mediaType><con:status>400</con:status><con:params/><con:element xmlns:sig="https://ecommerceservice.herokuapp.com/user/signup">sig:Fault</con:element></con:representation><con:request name="sign up" id="5baa2543-1888-4e93-90eb-ed52d88c1386" mediaType="application/json" postQueryString="false"><con:settings><con:setting id="com.eviware.soapui.impl.wsdl.WsdlRequest@request-headers">&lt;xml-fragment/></con:setting></con:settings><con:endpoint>https://ecommerceservice.herokuapp.com</con:endpoint><con:request>{
	"email": "aditi@gmail.com",
	"password": "krishna@123"
}
</con:request><con:originalUri>https://ecommerceservice.herokuapp.com/user/signup</con:originalUri><con:credentials><con:authType>No Authorization</con:authType></con:credentials><con:jmsConfig JMSDeliveryMode="PERSISTENT"/><con:jmsPropertyConfig/><con:parameters/></con:request></con:method></con:resource></con:interface><con:interface xsi:type="con:RestService" id="f1febbca-9b5e-4fa4-866c-fcb76173dc4c" wadlVersion="http://wadl.dev.java.net/2009/02" name="https://ecommerceservice.herokuapp.com" type="rest" xmlns:xsi="http://www.w3.org/2001/XMLSchema-instance"><con:settings/><con:definitionCache type="TEXT" rootPart=""/><con:endpoints><con:endpoint>https://ecommerceservice.herokuapp.com</con:endpoint></con:endpoints><con:resource name="Login" path="/user/login" id="c459f1c1-3445-45d8-a0e5-69b0fbf1846f"><con:settings/><con:parameters/><con:method name="Login 1" id="37068294-cc7c-499f-9e57-0f55c85c2b62" method="POST"><con:settings/><con:parameters/><con:representation type="RESPONSE"><con:mediaType>application/json; charset=utf-8</con:mediaType><con:status>200</con:status><con:params/><con:element xmlns:log="https://ecommerceservice.herokuapp.com/user/login">log:Response</con:element></con:representation><con:representation type="REQUEST"><con:mediaType>application/json</con:mediaType><con:params/></con:representation><con:representation type="FAULT"><con:mediaType>application/json; charset=utf-8</con:mediaType><con:status>500</con:status><con:params/><con:element xmlns:log="https://ecommerceservice.herokuapp.com/user/login">log:Fault</con:element></con:representation><con:request name="login" id="5dba09b5-bf26-4a87-8d8d-0cdb7513860f" mediaType="application/json" postQueryString="false"><con:settings><con:setting id="com.eviware.soapui.impl.wsdl.WsdlRequest@request-headers">&lt;xml-fragment/></con:setting></con:settings><con:endpoint>https://ecommerceservice.herokuapp.com</con:endpoint><con:request>{
	"email": "aditi@gmail.com",
	"password": "krishna@123"
}
</con:request><con:originalUri>https://ecommerceservice.herokuapp.com/user/login</con:originalUri><con:credentials><con:authType>No Authorization</con:authType></con:credentials><con:jmsConfig JMSDeliveryMode="PERSISTENT"/><con:jmsPropertyConfig/><con:parameters/></con:request></con:method></con:resource></con:interface><con:interface xsi:type="con:RestService" id="d9788392-5299-4813-bccb-7e3065928be3" wadlVersion="http://wadl.dev.java.net/2009/02" name="https://ecommerceservice.herokuapp.com" type="rest" xmlns:xsi="http://www.w3.org/2001/XMLSchema-instance"><con:settings/><con:definitionCache type="TEXT" rootPart=""/><con:endpoints><con:endpoint>https://ecommerceservice.herokuapp.com</con:endpoint></con:endpoints><con:resource name="Get User" path="/user" id="55f59ead-6913-495f-bdd7-61ac491791bf"><con:settings/><con:parameters/><con:method name="User 1" id="c2c72c1b-9478-4a57-a995-a0f40f7afa7d" method="GET"><con:settings/><con:parameters/><con:representation type="RESPONSE"><con:mediaType>application/json; charset=utf-8</con:mediaType><con:status>200</con:status><con:params/><con:element xmlns:user="https://ecommerceservice.herokuapp.com/user">user:Response</con:element></con:representation><con:representation type="FAULT"><con:mediaType>application/json; charset=utf-8</con:mediaType><con:status>401 500</con:status><con:params/><con:element xmlns:user="https://ecommerceservice.herokuapp.com/user">user:Fault</con:element></con:representation><con:request name="get all users" id="47a82287-f0b9-46cb-b0a6-e040e2d48db0" mediaType="application/json"><con:settings><con:setting id="com.eviware.soapui.impl.wsdl.WsdlRequest@request-headers">&lt;entry key="Authorization" value="bearer eyJhbGciOiJIUzI1NiIsInR5cCI6IkpXVCJ9.eyJfaWQiOiI2MjI3MGJjMDYyNTk4NDAwMTc0NWJmNjMiLCJpYXQiOjE2NDY3MjY3MjEsImV4cCI6MTY0NjgxMzEyMX0.8IlX3byI_nnlBjGnhX4hbQpZ28CGR5iB7g-FrIcvFKY" xmlns="http://eviware.com/soapui/config"/></con:setting></con:settings><con:endpoint>https://ecommerceservice.herokuapp.com</con:endpoint><con:request/><con:originalUri>https://ecommerceservice.herokuapp.com/user</con:originalUri><con:credentials><con:authType>No Authorization</con:authType></con:credentials><con:jmsConfig JMSDeliveryMode="PERSISTENT"/><con:jmsPropertyConfig/><con:parameters/></con:request></con:method></con:resource></con:interface><con:interface xsi:type="con:RestService" id="3a8a245e-46e3-44f0-b78f-12ad49b5bea9" wadlVersion="http://wadl.dev.java.net/2009/02" name="https://ecommerceservice.herokuapp.com" type="rest" xmlns:xsi="http://www.w3.org/2001/XMLSchema-instance"><con:settings/><con:definitionCache type="TEXT" rootPart=""/><con:endpoints><con:endpoint>https://ecommerceservice.herokuapp.com</con:endpoint></con:endpoints><con:resource name="Delete" path="/user/62270e30625984001745bf87" id="fe18cf0c-2fb9-45ed-9302-0131b95b35e5"><con:settings/><con:parameters/><con:method name="Id 1" id="34e718fe-441d-4c3d-a188-b52bd11b010f" method="DELETE"><con:settings/><con:parameters/><con:representation type="FAULT"><con:mediaType>application/json; charset=utf-8</con:mediaType><con:status>400 500</con:status><con:params/><con:element xmlns:e30="https://ecommerceservice.herokuapp.com/user/62270e30625984001745bf87">e30:Fault</con:element></con:representation><con:representation type="RESPONSE"><con:mediaType>application/json; charset=utf-8</con:mediaType><con:status>200</con:status><con:params/><con:element xmlns:e30="https://ecommerceservice.herokuapp.com/user/62270e30625984001745bf87">e30:Response</con:element></con:representation><con:representation type="REQUEST"><con:mediaType>application/json</con:mediaType><con:params/></con:representation><con:request name="delete user" id="0004580e-1b24-4d07-b3b7-6eaae50bde6e" mediaType="application/json" postQueryString="false"><con:settings><con:setting id="com.eviware.soapui.impl.wsdl.WsdlRequest@request-headers">&lt;entry key="Authorization" value="bearer eyJhbGciOiJIUzI1NiIsInR5cCI6IkpXVCJ9.eyJfaWQiOiI2MjI3MGJjMDYyNTk4NDAwMTc0NWJmNjMiLCJpYXQiOjE2NDY3MjY3MjEsImV4cCI6MTY0NjgxMzEyMX0.8IlX3byI_nnlBjGnhX4hbQpZ28CGR5iB7g-FrIcvFKY" xmlns="http://eviware.com/soapui/config"/></con:setting></con:settings><con:endpoint>https://ecommerceservice.herokuapp.com</con:endpoint><con:request/><con:originalUri>https://ecommerceservice.herokuapp.com/user/62270e30625984001745bf87</con:originalUri><con:credentials><con:authType>No Authorization</con:authType></con:credentials><con:jmsConfig JMSDeliveryMode="PERSISTENT"/><con:jmsPropertyConfig/><con:parameters/><con:parameterOrder/></con:request></con:method></con:resource></con:interface><con:interface xsi:type="con:RestService" id="7726ec2a-a138-4c4e-aa24-80e1ae7c6a88" wadlVersion="http://wadl.dev.java.net/2009/02" name="https://ecommerceservice.herokuapp.com" type="rest" xmlns:xsi="http://www.w3.org/2001/XMLSchema-instance"><con:settings/><con:definitionCache/><con:endpoints><con:endpoint>https://ecommerceservice.herokuapp.com</con:endpoint></con:endpoints><con:resource name="Products" path="/products" id="4f7f9fc9-ce46-464a-abe2-73c4b3a393df"><con:settings/><con:parameters/><con:method name="Products 1" id="adacdc8a-6b10-4d86-aa2f-70a5d12fc517" method="POST"><con:settings/><con:parameters/><con:request name="Request 1" id="8718cf7c-a1a5-4431-9747-00e73aabc7eb" mediaType="application/json" postQueryString="false"><con:settings><con:setting id="com.eviware.soapui.impl.wsdl.WsdlRequest@request-headers">&lt;xml-fragment/></con:setting></con:settings><con:endpoint>https://ecommerceservice.herokuapp.com</con:endpoint><con:request>{
	"name": "iphone 6s",
	"price": 20,000
}
</con:request><con:credentials><con:authType>No Authorization</con:authType></con:credentials><con:jmsConfig JMSDeliveryMode="PERSISTENT"/><con:jmsPropertyConfig/><con:parameters/></con:request></con:method></con:resource></con:interface><con:testSuite id="01832ced-39e2-438a-bdce-7dee29982e46" name="ecommerce autommation"><con:settings/><con:runType>SEQUENTIAL</con:runType><con:testCase id="e5229002-ece6-48e1-be13-4e47a7fcd292" failOnError="true" failTestCaseOnErrors="true" keepSession="false" maxResults="0" name="Script Based Testing" searchProperties="true"><con:settings/><con:testStep type="properties" name="Properties" id="4b5c64a8-e6e4-4ce6-9618-c15ef74828fa"><con:settings/><con:config xsi:type="con:PropertiesStep" saveFirst="true" xmlns:xsi="http://www.w3.org/2001/XMLSchema-instance"><con:properties><con:property><con:name>email id</con:name><con:value>aditi@gmail.com</con:value></con:property><con:property><con:name>password</con:name><con:value>welcome1</con:value></con:property></con:properties></con:config></con:testStep><con:testStep type="restrequest" name="Sign up" id="60378e96-abc6-4bcf-8fc8-f0ecd5e28cfe" disabled="true"><con:settings/><con:config service="https://ecommerceservice.herokuapp.com" resourcePath="/user/signup" methodName="Signup 1" xsi:type="con:RestRequestStep" xmlns:xsi="http://www.w3.org/2001/XMLSchema-instance"><con:restRequest name="Sign up" id="5baa2543-1888-4e93-90eb-ed52d88c1386" mediaType="application/json" postQueryString="false"><con:settings><con:setting id="com.eviware.soapui.impl.wsdl.WsdlRequest@request-headers">&lt;xml-fragment/></con:setting></con:settings><con:endpoint>https://ecommerceservice.herokuapp.com</con:endpoint><con:request>{
	"email": "${Properties#email id}",
	"password": "${Properties#password}"
}
</con:request><con:originalUri>https://ecommerceservice.herokuapp.com/user/signup</con:originalUri><con:credentials><con:authType>No Authorization</con:authType></con:credentials><con:jmsConfig JMSDeliveryMode="PERSISTENT"/><con:jmsPropertyConfig/><con:parameters/></con:restRequest></con:config></con:testStep><con:testStep type="restrequest" name="Login" id="eca2710c-4c69-4169-9de4-c9e95033d6e5"><con:settings/><con:config service="https://ecommerceservice.herokuapp.com" resourcePath="/user/login" methodName="Login 1" xsi:type="con:RestRequestStep" xmlns:xsi="http://www.w3.org/2001/XMLSchema-instance"><con:restRequest name="Login" id="5dba09b5-bf26-4a87-8d8d-0cdb7513860f" mediaType="application/json" postQueryString="false"><con:settings><con:setting id="com.eviware.soapui.impl.wsdl.WsdlRequest@request-headers">&lt;entry key="Authorization" value="${TestSuite#Token}" xmlns="http://eviware.com/soapui/config"/></con:setting></con:settings><con:endpoint>https://ecommerceservice.herokuapp.com</con:endpoint><con:request>{
	"email": "${Properties#email}",
	"password": "${Properties#password}"
}
</con:request><con:originalUri>https://ecommerceservice.herokuapp.com/user/login</con:originalUri><con:assertion type="GroovyScriptAssertion" id="38f4c84b-090f-47ec-8c1a-637df4236e94" name="Script Assertion"><con:configuration><scriptText>import groovy.json.JsonSlurper
def response=context.testCase.getTestStepByName("Login").getPropertyValue("Response")
def holder=new JsonSlurper().parseText(response)
def Token=holder.accessToken
context.testCase.testSuite.setPropertyValue("Token","bearer "+Token)</scriptText></con:configuration></con:assertion><con:credentials><con:authType>No Authorization</con:authType></con:credentials><con:jmsConfig JMSDeliveryMode="PERSISTENT"/><con:jmsPropertyConfig/><con:parameters/></con:restRequest></con:config></con:testStep><con:testStep type="restrequest" name="get all users" id="93327997-c067-46f9-bb7b-d24e373d6f63"><con:settings/><con:config service="https://ecommerceservice.herokuapp.com" resourcePath="/user" methodName="User 1" xsi:type="con:RestRequestStep" xmlns:xsi="http://www.w3.org/2001/XMLSchema-instance"><con:restRequest name="get all users" id="47a82287-f0b9-46cb-b0a6-e040e2d48db0" mediaType="application/json"><con:settings><con:setting id="com.eviware.soapui.impl.wsdl.WsdlRequest@request-headers">&lt;entry key="Authorization" value="${#TestSuite#accessToken}" xmlns="http://eviware.com/soapui/config"/></con:setting></con:settings><con:endpoint>https://ecommerceservice.herokuapp.com</con:endpoint><con:request/><con:originalUri>https://ecommerceservice.herokuapp.com/user</con:originalUri><con:assertion type="JsonPath Count" id="b7860304-07c7-48b1-bb93-7b92f7f4c94f" name="JsonPath Count" disabled="true"><con:configuration><path>users</path><content/><allowWildcards>false</allowWildcards><ignoreNamspaceDifferences>false</ignoreNamspaceDifferences><ignoreComments>false</ignoreComments></con:configuration></con:assertion><con:credentials><con:authType>No Authorization</con:authType></con:credentials><con:jmsConfig JMSDeliveryMode="PERSISTENT"/><con:jmsPropertyConfig/><con:parameters/></con:restRequest></con:config></con:testStep><con:testStep type="restrequest" name="delete" id="d6bf890a-3333-4e0c-bbd3-8d10f96504a5"><con:settings/><con:config service="https://ecommerceservice.herokuapp.com" resourcePath="/user/62270e30625984001745bf87" methodName="Id 1" xsi:type="con:RestRequestStep" xmlns:xsi="http://www.w3.org/2001/XMLSchema-instance"><con:restRequest name="delete" id="0004580e-1b24-4d07-b3b7-6eaae50bde6e" mediaType="application/json" postQueryString="false"><con:settings><con:setting id="com.eviware.soapui.impl.wsdl.WsdlRequest@request-headers">&lt;entry key="Authorization" value="${#TestSuite#Token}" xmlns="http://eviware.com/soapui/config"/></con:setting></con:settings><con:endpoint>https://ecommerceservice.herokuapp.com</con:endpoint><con:request/><con:originalUri>https://ecommerceservice.herokuapp.com/user/62270e30625984001745bf87</con:originalUri><con:assertion type="Valid HTTP Status Codes" id="812b4861-a1e4-4407-b9f0-011f4e212e2e" name="Valid HTTP Status Codes"><con:configuration><codes>200</codes></con:configuration></con:assertion><con:credentials><con:authType>No Authorization</con:authType></con:credentials><con:jmsConfig JMSDeliveryMode="PERSISTENT"/><con:jmsPropertyConfig/><con:parameters/><con:parameterOrder/></con:restRequest></con:config></con:testStep><con:properties/></con:testCase><con:properties><con:property><con:name>token</con:name><con:value>bearer null</con:value></con:property><con:property><con:name>Authorization</con:name><con:value>bearer null</con:value></con:property></con:properties></con:testSuite><con:properties/><con:wssContainer/><con:oAuth2ProfileContainer/><con:oAuth1ProfileContainer/><con:sensitiveInformation/></con:soapui-project>